<?xml version="1.0"?>
<pagescount>
	<html_total>19</html_total>
	<html_done>1</html_done>
	<images>90</images>
	<script>11</script>
	<css>1</css>
	<pdf/>
	<documents/>
	<excel/>
	<powerpoint/>
	<flash/>
	<audios/>
	<videos/>
	<xml/>
	<json/>
	<txt/>
	<autocad/>
	<fonts>15</fonts>
	<scraping_reload>1</scraping_reload>
	<is_pretty_url>false</is_pretty_url>
	<is_ebn>false</is_ebn>
	<email>logan.gray.992@k12.friscoisd.org</email>
	<theme_name>WmdTheme660344</theme_name>
	<server_url_front_page>https://www6.waybackmachinedownloader.com/wdo/files/demo/now.gg_logan.gray.992_k12.friscoisd.org_do5upo3zsx/</server_url_front_page>
	<no_www_url>now.gg</no_www_url>
	<hosted_domain/>
	<original_archive_url>https://now.gg/apps/roblox-corporation/5349/roblox.html</original_archive_url>
	<final_archive_url>https://now.gg/apps/roblox-corporation/5349/roblox.html</final_archive_url>
	<front_page_code_date/>
	<total_urls_from_api/>
	<max_reached_live>false</max_reached_live>
	<scrape_other_captures>false</scrape_other_captures>
	<total_size>8</total_size>
<json_from_script>1</json_from_script></pagescount>
